{
  "project_info": {
    "project_number": "728948225451",
    "project_id": "ecoquest-ee551",
    "storage_bucket": "ecoquest-ee551.firebasestorage.app"
  },
  "client": [
    {
      "client_info": {
        "mobilesdk_app_id": "1:728948225451:android:c92471ce982a0d7d808eee",
        "android_client_info": {
          "package_name": "com.freerider.ecoquest"
        }
      },
      "oauth_client": [
        {
          "client_id": "728948225451-msd8a6b9mgr86n2os7cco4i7cp826c2j.apps.googleusercontent.com",
          "client_type": 3
        }
      ],
      "api_key": [
        {
          "current_key": "AIzaSyBaRZZweeLeO5U9f-FpagZTGqWmS-Ed3Aw"
        }
      ],
      "services": {
        "appinvite_service": {
          "other_platform_oauth_client": [
            {
              "client_id": "728948225451-msd8a6b9mgr86n2os7cco4i7cp826c2j.apps.googleusercontent.com",
              "client_type": 3
            }
          ]
        }
      }
    }
  ],
  "configuration_version": "1"
}